sku,title,slug,description,variant,price,stock,imageUrl,category,subcategory,brand,mpPreferenceId,externalRef,status
PHB-OCULOSSCICONVERTEC-001,Óculos Scicon Vertec Cristal Lente Vermelha,oculos-scicon-vertec-cristal-lente-vermelha,,,"796,00",,,Equipamento,Óculos,SCICON,,https://powerhousebrasil.com.br/categoria-produto/scicon-gravtah/oculos-scicon/,draft
PHB-OCULOSSCICONAEROSH-002,ÓCULOS SCICON AEROSHADE KUNKEN CRISTAL LENTE MONOGRAMA PRATA,oculos-scicon-aeroshade-kunken-cristal-lente-monograma-prata,,,"1.890,00",,,Equipamento,Óculos,SCICON,,https://powerhousebrasil.com.br/categoria-produto/scicon-gravtah/oculos-scicon/,draft
PHB-OCULOSSCICONAEROSH-003,Óculos Scicon Aeroshade Kunken Cristal Lente Monograma Vermelho,oculos-scicon-aeroshade-kunken-cristal-lente-monograma-vermelho,,,"1.890,00",,,Equipamento,Óculos,SCICON,,https://powerhousebrasil.com.br/categoria-produto/scicon-gravtah/oculos-scicon/,draft
PHB-OCULOSSCICONAEROSH-004,Óculos Scicon Aeroshade Kunken Branco Lente Monograma Prata,oculos-scicon-aeroshade-kunken-branco-lente-monograma-prata,,,"1.890,00",,,Equipamento,Óculos,SCICON,,https://powerhousebrasil.com.br/categoria-produto/scicon-gravtah/oculos-scicon/,draft
PHB-OCULOSSCICONAEROSC-005,Óculos Scicon Aeroscope Preto Lente Vermelho,oculos-scicon-aeroscope-preto-lente-vermelho,,,"1.890,00",,,Equipamento,Óculos,SCICON,,https://powerhousebrasil.com.br/categoria-produto/scicon-gravtah/oculos-scicon/,draft
PHB-OCULOSSCICONAEROSC-006,Óculos Scicon Aeroscope Preto Lente Rosa e Lente Reserva Verde Trail,oculos-scicon-aeroscope-preto-lente-rosa-e-lente-reserva-verde-trail,,,"1.890,00",,,Equipamento,Óculos,SCICON,,https://powerhousebrasil.com.br/categoria-produto/scicon-gravtah/oculos-scicon/,draft
PHB-OCULOSSCICONAEROSC-007,Óculos Scicon Aeroscope Preto Lente Prata,oculos-scicon-aeroscope-preto-lente-prata,,,"1.890,00",,,Equipamento,Óculos,SCICON,,https://powerhousebrasil.com.br/categoria-produto/scicon-gravtah/oculos-scicon/,draft
PHB-OCULOSSCICONAEROSC-008,Óculos Scicon Aeroscope Preto Lente Bronze,oculos-scicon-aeroscope-preto-lente-bronze,,,"1.890,00",,,Equipamento,Óculos,SCICON,,https://powerhousebrasil.com.br/categoria-produto/scicon-gravtah/oculos-scicon/,draft
PHB-OCULOSSCICONAEROSC-009,Óculos Scicon Aeroscope Preto Lente Azul,oculos-scicon-aeroscope-preto-lente-azul,,,"1.890,00",,,Equipamento,Óculos,SCICON,,https://powerhousebrasil.com.br/categoria-produto/scicon-gravtah/oculos-scicon/,draft
PHB-OCULOSSCICONAEROSC-010,Óculos Scicon Aeroscope Cristal Lente Prata,oculos-scicon-aeroscope-cristal-lente-prata,,,"1.890,00",,,Equipamento,Óculos,SCICON,,https://powerhousebrasil.com.br/categoria-produto/scicon-gravtah/oculos-scicon/,draft
PHB-OCULOSSCICONAEROSC-011,Óculos Scicon Aeroscope Cinza Lente Vermelho,oculos-scicon-aeroscope-cinza-lente-vermelho,,,"1.890,00",,,Equipamento,Óculos,SCICON,,https://powerhousebrasil.com.br/categoria-produto/scicon-gravtah/oculos-scicon/,draft
PHB-OCULOSSCICONAEROSC-012,Óculos Scicon Aeroscope Cinza Lente Rosa e Lente Reserva Verde Trail,oculos-scicon-aeroscope-cinza-lente-rosa-e-lente-reserva-verde-trail,,,"1.890,00",,,Equipamento,Óculos,SCICON,,https://powerhousebrasil.com.br/categoria-produto/scicon-gravtah/oculos-scicon/,draft
PHB-MALABIKEPOCKETPRET-013,Mala Bike Pocket Preta,mala-bike-pocket-preta,,,"380,00",,,Bolsas,,SCICON,,https://powerhousebrasil.com.br/categoria-produto/scicon-gravtah/mala-bike-scicon/,draft
PHB-MALARODASCICONDUPL-014,Mala Roda Scicon Dupla Preta,mala-roda-scicon-dupla-preta,,,"600,00",,,Bolsas,,SCICON,,https://powerhousebrasil.com.br/categoria-produto/scicon-gravtah/mala-bike-scicon/,draft
PHB-MALARODASCICONDUPL-015,Mala Roda Scicon Dupla Acolchoada Preta,mala-roda-scicon-dupla-acolchoada-preta,,,"1.090,00",,,Bolsas,,SCICON,,https://powerhousebrasil.com.br/categoria-produto/scicon-gravtah/mala-bike-scicon/,draft
PHB-SCICONTRAVELPLUSMT-016,SCICON TRAVEL PLUS MTB,scicon-travel-plus-mtb,,,"1.790,00",,,Bolsas,,SCICON,,https://powerhousebrasil.com.br/categoria-produto/scicon-gravtah/mala-bike-scicon/,draft
PHB-TRAVELPLUSTRIATHLO-017,TRAVEL PLUS TRIATHLON,travel-plus-triathlon,,,"1.790,00",,,Bolsas,,SCICON,,https://powerhousebrasil.com.br/categoria-produto/scicon-gravtah/mala-bike-scicon/,draft
PHB-TRAVELPLUSRACING-018,TRAVEL PLUS RACING,travel-plus-racing,,,"1.790,00",,,Bolsas,,SCICON,,https://powerhousebrasil.com.br/categoria-produto/scicon-gravtah/mala-bike-scicon/,draft
PHB-AEROCOMFORTROAD30T-019,Aerocomfort Road 3.0 TSA Triathlon,aerocomfort-road-3-0-tsa-triathlon,,,"8.790,00",,,Bolsas,,SCICON,,https://powerhousebrasil.com.br/categoria-produto/scicon-gravtah/mala-bike-scicon/,draft
PHB-AEROCOMFORT30TSARO-020,AEROCOMFORT 3.0 TSA ROAD,aerocomfort-3-0-tsa-road,,,"8.790,00",,,Bolsas,,SCICON,,https://powerhousebrasil.com.br/categoria-produto/scicon-gravtah/mala-bike-scicon/,draft
PHB-AEROTECHEVOLUTIONX-021,AEROTECH EVOLUTION X TSA,aerotech-evolution-x-tsa,,,,,,Bolsas,,SCICON,,https://powerhousebrasil.com.br/produto/aerotech-evolution-x-tsa/,draft
PHB-LOOKTACOGRIP-022,LOOK TACO GRIP,look-taco-grip,,,"199,00",,,Equipamento,,LOOK,,https://powerhousebrasil.com.br/categoria-produto/scicon-gravtah/pedais-look/,draft
PHB-LOOKTACOS-023,LOOK TACOS,look-tacos,,,"149,00",,,Equipamento,,LOOK,,https://powerhousebrasil.com.br/categoria-produto/scicon-gravtah/pedais-look/,draft
PHB-LOOKBLADECARBONCER-024,LOOK BLADE CARBON CERAMIC,look-blade-carbon-ceramic,,,"2.590,00",,,Equipamento,,LOOK,,https://powerhousebrasil.com.br/categoria-produto/scicon-gravtah/pedais-look/,draft
PHB-LOOKKEOBLADECARBON-025,LOOK KEO BLADE CARBON,look-keo-blade-carbon,,,"1.829,00",,,Equipamento,,LOOK,,https://powerhousebrasil.com.br/categoria-produto/scicon-gravtah/pedais-look/,draft
PHB-LOOKKEO2MAXCARBON-026,LOOK KEO 2 MAX CARBON,look-keo-2-max-carbon,,,"1.449,00",,,Equipamento,,LOOK,,https://powerhousebrasil.com.br/categoria-produto/scicon-gravtah/pedais-look/,draft
PHB-LOOKKEO2MAX-027,LOOK KEO 2 MAX,look-keo-2-max,,,"1.190,00",,,Equipamento,,LOOK,,https://powerhousebrasil.com.br/categoria-produto/scicon-gravtah/pedais-look/,draft
PHB-LOOKKEOCLASSIC3PLU-028,LOOK KEO CLASSIC 3 PLUS+,look-keo-classic-3-plus,,,"843,50",,,Equipamento,,LOOK,,https://powerhousebrasil.com.br/categoria-produto/scicon-gravtah/pedais-look/,draft
PHB-LOOKKEOCLASSIC3-029,LOOK KEO CLASSIC 3,look-keo-classic-3,,,"612,50",,,Equipamento,,LOOK,,https://powerhousebrasil.com.br/categoria-produto/scicon-gravtah/pedais-look/,draft
PHB-LUVASESPORTIVASDEC-030,Luvas Esportivas de Ciclismo Oil Slick,luvas-esportivas-de-ciclismo-oil-slick,,,"299,00",,,Equipamento,Luva,SUPACAZ,,https://powerhousebrasil.com.br/categoria-produto/scicon-gravtah/luvas-supacaz/,draft
PHB-CAPAPARASAPATILHAV-031,Capa para sapatilha Velotoze – Silicone,capa-para-sapatilha-velotoze-silicone,,,"290,00",,,Equipamento,Botinha,VELOTOZE,,https://powerhousebrasil.com.br/categoria-produto/scicon-gravtah/,draft
PHB-CAPASAPATILHALATEX-032,Capa Sapatilha Latex MTB Cano Alto Preta Tam. P,capa-sapatilha-latex-mtb-cano-alto-preta-tam-p,,,"250,00",,,Equipamento,Botinha,SCICON,,https://powerhousebrasil.com.br/categoria-produto/scicon-gravtah/capa-para-sapatilha/,draft
PHB-PNEUHUTCHINSONTOUA-033,Pneu Hutchinson Touareg Tlr Hardskin Tan 700mmx40 – Pv529751,pneu-hutchinson-touareg-tlr-hardskin-tan-700mmx40-pv529751,,,"551,00",,,Equipamento,,HUTCHINSON,,https://powerhousebrasil.com.br/categoria-produto/scicon-gravtah/,draft
PHB-PNEUHUTCHINSONTOUA-034,Pneu Hutchinson Touareg Tlr Hardskin Tan 700mmx45 – Pv529231,pneu-hutchinson-touareg-tlr-hardskin-tan-700mmx45-pv529231,,,"551,00",,,Equipamento,,HUTCHINSON,,https://powerhousebrasil.com.br/categoria-produto/scicon-gravtah/,draft
PHB-HUTCHINSONSKELETON-035,Hutchinson Skeleton 2.3,hutchinson-skeleton-2-3,,,"680,00",,,Equipamento,,HUTCHINSON,,https://powerhousebrasil.com.br/categoria-produto/scicon-gravtah/,draft
PHB-PNEUPYTHON2TLR1272-036,"Pneu Python 2 Tlr 127 29×2,25",pneu-python-2-tlr-127-29-2-25,,,"558,25",,,Equipamento,,HUTCHINSON,,https://powerhousebrasil.com.br/categoria-produto/scicon-gravtah/pneus-mtb/,draft
